"key","ID","dataset","TL_mm","width_mm","est_width_mm","weight_g","gonads_g","pred.eggs","age","pred.age","class"
1,"1661","batch",258.7739729229361,NA,46.46404422925059,953.3333333333334,NA,2564,NA,11.272379247646924,6
2,"1662","batch",260.7140488824807,NA,46.873657128101875,953.3333333333334,NA,2649,NA,11.439754575564578,6
3,"1663","batch",254.4188204796519,NA,45.54453042956844,953.3333333333334,NA,2380,NA,10.902680341294662,6
4,"1664","batch",263.6716205102857,NA,47.49809633217813,953.3333333333334,NA,2784,NA,11.698201816332602,6
5,"1665","batch",253.22357298596762,NA,45.29217495434897,953.3333333333334,NA,2332,NA,10.802641094766173,6
6,"1666","batch",268.59175435174257,NA,48.5368960119641,953.3333333333334,NA,3019,NA,12.137261211553218,6
7,"2621","batch",254.20896767126396,NA,45.50022370191019,965,NA,2372,NA,10.885072522614992,6
8,"2622","batch",288.409476980567,NA,52.72105940757094,965,NA,4123,NA,14.033553536015793,6
9,"3741","batch",305.4635850507766,NA,56.321734221149505,1435,NA,5303,NA,15.858912436547831,7
10,"3742","batch",302.5816296450794,NA,55.71326005173356,1435,NA,5088,NA,15.536019318320127,7
11,"3743","batch",307.08881158940494,NA,56.66487220525908,1435,NA,5428,NA,16.043808638150615,7
12,"3744","batch",317.5492431949824,NA,58.873408263920346,1435,NA,6286,NA,17.285796590074817,7
13,"4751","batch",307.76910235174,NA,56.8085036284778,1314,NA,5481,NA,16.121818098350374,7
14,"4752","batch",318.7198757342994,NA,59.120566724680735,1314,NA,6388,NA,17.430746705811643,7
15,"4753","batch",318.2077910043299,NA,59.01244904523198,1314,NA,6343,NA,17.36718364145203,7
16,"4754","batch",305.13373663648963,NA,56.25209253289865,1314,NA,5278,NA,15.821636690437023,7
17,"4755","batch",305.3197654951364,NA,56.29136925280512,1314,NA,5292,NA,15.842649287470218,7
18,"5751","batch",315.32214990258217,NA,58.403196705953086,1290,NA,6095,NA,17.01347740121244,7
19,"5752","batch",308.3960807342082,NA,56.940879080839046,1290,NA,5530,NA,16.19404004460388,7
20,"5753","batch",313.2546468786895,NA,57.966679824830955,1290,NA,5922,NA,16.76460676454478,7
21,"5754","batch",306.0748333334923,NA,56.45078853975455,1290,NA,5350,NA,15.928210729496653,7
22,"5755","batch",309.3366836644709,NA,57.13947083753673,1290,NA,5604,NA,16.30298088457542,7
23,"6721","batch",314.7751817982644,NA,58.28771401586224,1105,NA,6049,NA,16.947273870098876,7
24,"6722","batch",308.14733562618494,NA,56.8883609285104,1105,NA,5511,NA,16.165349386538352,7
25,"7721","batch",306.15224607661366,NA,56.46713287821303,1220,NA,5356,NA,15.937007809361157,7
26,"7722","batch",314.1696615405381,NA,58.15986906893621,1220,NA,5998,NA,16.87428976789205,7
27,"8711","batch",321.7514998167753,NA,59.760640801441006,1360,NA,6658,NA,17.812115667873627,7
28,"9661","batch",287.39548353268765,NA,52.50697253454997,961.6666666666666,NA,4060,NA,13.931089562996545,6
29,"9662","batch",255.405330354115,NA,45.752814629697944,961.6666666666666,NA,2421,NA,10.985705032964113,6
30,"9663","batch",271.130391351413,NA,49.07288454140818,961.6666666666666,NA,3146,NA,12.368423730681851,6
31,"9664","batch",265.62642364320345,NA,47.910818614529354,961.6666666666666,NA,2875,NA,11.871256267894381,6
32,"9665","batch",276.0213323221542,NA,50.10552066025687,961.6666666666666,NA,3402,NA,12.823060050390108,6
33,"9666","batch",274.86294577270746,NA,49.860947724761814,961.6666666666666,NA,3340,NA,12.7142525693056,6
34,"10611","batch",261.15231966250576,NA,46.96619029094258,1120,NA,2669,NA,11.477799986542719,6
35,"11731","batch",309.07408474572003,NA,57.08402769686196,1323.3333333333333,NA,5583,NA,16.27249466154548,7
36,"11732","batch",315.952217457816,NA,58.53622438278284,1323.3333333333333,NA,6149,NA,17.090067531460228,7
37,"11733","batch",302.0480319671333,NA,55.60060029188833,1323.3333333333333,NA,5049,NA,15.47691781371075,7
38,"12731","batch",315.9244162105024,NA,58.53035463863814,1223.3333333333333,NA,6146,NA,17.086680593137892,7
39,"12732","batch",315.38010848872364,NA,58.41543364150498,1223.3333333333333,NA,6100,NA,17.0205080362715,7
40,"12733","batch",316.9791390877217,NA,58.75304081393819,1223.3333333333333,NA,6237,NA,17.21566050243799,7
41,"13631","batch",283.30195778328925,NA,51.6426966073708,870,NA,3813,NA,13.523747686283,6
42,"13632","batch",255.72309432830662,NA,45.81990490107561,870,NA,2434,NA,11.012536657544533,6
43,"13633","batch",280.40599753614515,NA,51.03126556213008,870,NA,3645,NA,13.241490398657204,6
44,"14741","batch",303.3984301947057,NA,55.885713114341634,1192.5,NA,5148,NA,15.626897764422763,7
45,"14742","batch",309.68463051877916,NA,57.21293369291525,1192.5,NA,5632,NA,16.34346188708531,7
46,"14743","batch",307.73899571225047,NA,56.80214714134372,1192.5,NA,5479,NA,16.11835798832943,7
47,"14744","batch",322.1674291919917,NA,59.848456969803685,1192.5,NA,6696,NA,17.865128046529342,7
48,"15741","batch",319.73910325206816,NA,59.3357586794536,1232.5,NA,6478,NA,17.55798785634113,7
49,"15742","batch",317.8734256159514,NA,58.94185367738803,1232.5,NA,6314,NA,17.32581105023843,7
50,"15743","batch",318.17582399584353,NA,59.0056997739216,1232.5,NA,6340,NA,17.363223756366175,7
51,"15744","batch",312.58804262429476,NA,57.82593806691889,1232.5,NA,5867,NA,16.6851543118916,7
52,"16751","batch",323.0739162005484,NA,60.039845749979655,1274,NA,6779,NA,17.981254083179806,7
53,"16752","batch",305.5641549192369,NA,56.34296777912153,1274,NA,5311,NA,15.870294368247416,7
54,"16753","batch",303.3737780228257,NA,55.88050824205967,1274,NA,5146,NA,15.624147638143233,7
55,"16754","batch",302.60753549821675,NA,55.71872961675168,1274,NA,5090,NA,15.53889402079801,7
56,"16755","batch",316.40173756703734,NA,58.63113264352605,1274,NA,6187,NA,17.14492722158601,7
57,"17621","batch",274.1916757086292,NA,49.719220863240515,985,NA,3304,NA,12.651524677343241,6
58,"17622","batch",254.0005113563966,NA,45.456211819284356,985,NA,2363,NA,10.867600336269762,6
59,"18681","batch",296.9713240619749,NA,54.5287427538251,875,NA,4687,NA,14.924893470574366,6
60,"18682","batch",253.37083230703138,NA,45.323266168632124,875,NA,2338,NA,10.814933842383924,6
61,"18683","batch",290.1131696982775,NA,53.080764144604544,875,NA,4231,NA,14.20714754181491,6
62,"18684","batch",293.92860274598934,NA,53.88632569149009,875,NA,4480,NA,14.60262162034366,6
63,"18685","batch",289.82050467352383,NA,53.01897307472815,875,NA,4213,NA,14.177197739862,6
64,"18686","batch",274.3384816478938,NA,49.75021635393505,875,NA,3312,NA,12.665222967363253,6
65,"18687","batch",274.2239417869132,NA,49.72603327787586,875,NA,3306,NA,12.654534418881916,6
66,"18688","batch",286.1397526138462,NA,52.24184704845068,875,NA,3983,NA,13.80506782869986,6
67,"19641","batch",299.82126727723517,NA,55.13045811255689,865,NA,4888,NA,15.232525304323959,6
68,"19642","batch",263.9601346387062,NA,47.55901101333814,865,NA,2797,NA,11.723630211326887,6
69,"19643","batch",284.42934946902096,NA,51.880725522816874,865,NA,3880,NA,13.634940081975556,6
70,"19644","batch",275.7885318803601,NA,50.05636894362021,865,NA,3389,NA,12.801135759514672,6
71,"20741","batch",310.35271223448217,NA,57.353987390783296,1265,NA,5685,NA,16.421465820969075,7
72,"20742","batch",324.1888406723738,NA,60.2752424325981,1265,NA,6882,NA,18.125204451519515,7
73,"20743","batch",302.27235325984657,NA,55.6479617854063,1265,NA,5065,NA,15.50173812140949,7
74,"20744","batch",324.37983320467174,NA,60.315567144849005,1265,NA,6900,NA,18.149989558206116,7
75,"21751","batch",303.9893160741776,NA,56.010468269824095,1320,NA,5192,NA,15.692951928809867,7
76,"21752","batch",310.82352745719254,NA,57.45339174000423,1320,NA,5723,NA,16.476658159009716,7
77,"21753","batch",301.87379611097276,NA,55.563813456932394,1320,NA,5036,NA,15.457664828631865,7
78,"21754","batch",311.17037248797715,NA,57.52662196473481,1320,NA,5751,NA,16.517435453108845,7
79,"21755","batch",309.33810347504914,NA,57.13977060555556,1320,NA,5604,NA,16.30314586857896,7
80,"22751","batch",310.4089177902788,NA,57.3658542048264,1126,NA,5690,NA,16.42804500834545,7
81,"22752","batch",309.7173342965543,NA,57.21983852009584,1126,NA,5635,NA,16.347271802701997,7
82,"22753","batch",317.9954810347408,NA,58.96762353122538,1126,NA,6325,NA,17.340901597972454,7
83,"22754","batch",307.9695099182427,NA,56.85081615952229,1126,NA,5497,NA,16.14486901847137,7
84,"22755","batch",323.79041576199234,NA,60.191122023954826,1126,NA,6845,NA,18.07361957129047,7
85,"23741","batch",301.2953544128686,NA,55.44168567136233,1062.5,NA,4994,NA,15.393906819293976,7
86,"23742","batch",317.75398766994476,NA,58.916636456868424,1062.5,NA,6304,NA,17.311057377917827,7
87,"23743","batch",323.65426403284073,NA,60.162375982240825,1062.5,NA,6833,NA,18.056028391362453,7
88,"23744","batch",316.83243763819337,NA,58.72206738441273,1062.5,NA,6224,NA,17.197660608920607,7
89,"24651","batch",276.39165462134406,NA,50.183707697075796,956,NA,3422,NA,12.85799538077853,6
90,"24652","batch",266.4283951234538,NA,48.080140780089565,956,NA,2913,NA,11.942777907974033,6
91,"24653","batch",271.0797816668637,NA,49.062199197107,956,NA,3143,NA,12.363783761361884,6
92,"24654","batch",295.42158157215454,NA,54.201541898309465,956,NA,4581,NA,14.759970303300763,6
93,"24655","batch",272.13409233652055,NA,49.28479834203395,956,NA,3197,NA,12.460713244821848,6
94,"25631","batch",297.9565830293577,NA,54.73676284693714,980,NA,4756,NA,15.030602320190281,6
95,"25632","batch",262.04993733833544,NA,47.155706467589106,980,NA,2709,NA,11.555993433475917,6
96,"25633","batch",252.553594637895,NA,45.150720815931614,980,NA,2305,NA,10.74682795601043,6
97,"26751","batch",319.58116072043777,NA,59.30241189325445,1278,NA,6464,NA,17.538206260816125,7
98,"26752","batch",321.2245273347944,NA,59.64937983513857,1278,NA,6611,NA,17.745192314540418,7
99,"26753","batch",312.3228500597179,NA,57.769947323569006,1278,NA,5845,NA,16.65365141573551,7
100,"26754","batch",314.11412061937153,NA,58.14814258079951,1278,NA,5993,NA,16.8676113798668,7
101,"26755","batch",304.61133699677885,NA,56.1417970417721,1278,NA,5239,NA,15.762771588755507,7
102,"27751","batch",317.5599858611822,NA,58.87567638884703,1272,NA,6287,NA,17.287121035053524,7
103,"27752","batch",307.5246355179697,NA,56.75688875847181,1272,NA,5462,NA,16.09374271172983,7
104,"27753","batch",308.73488974384964,NA,57.01241264111713,1272,NA,5557,NA,16.2331987034745,7
105,"27754","batch",311.29551168717444,NA,57.55304290453922,1272,NA,5761,NA,16.532172215708734,7
106,"27755","batch",319.3087142892182,NA,59.244889623611094,1272,NA,6440,NA,17.504138831229383,7
107,"28621","batch",257.56994768837467,NA,46.20983548850904,1005,NA,2512,NA,11.169346663291691,6
108,"28622","batch",285.82436342933215,NA,52.175258172123655,1005,NA,3964,NA,13.773565878123224,6
109,"29641","batch",299.9213233352639,NA,55.15158318849793,980,NA,4895,NA,15.24342987688034,6
110,"29642","batch",252.16918950597756,NA,45.06956043680142,980,NA,2289,NA,10.714889208769922,6
111,"29643","batch",271.38125963974744,NA,49.12585096589738,980,NA,3158,NA,12.391442853965065,6
112,"29644","batch",269.34734085807577,NA,48.69642480652981,980,NA,3056,NA,12.205727596367218,6
113,"30721","batch",312.46896339580417,NA,57.80079658329036,1235,NA,5857,NA,16.671001197935368,7
114,"30722","batch",307.81395869888365,NA,56.81797425682871,1235,NA,5484,NA,16.126974706958535,7
115,"31751","batch",315.7560362704098,NA,58.49480417731191,1294,NA,6132,NA,17.066182139754595,7
116,"31752","batch",324.2764188144356,NA,60.293733016159784,1294,NA,6890,NA,18.13656487901209,7
117,"31753","batch",314.3172147870064,NA,58.19102234039625,1294,NA,6010,NA,16.892045015154558,7
118,"31754","batch",303.79427222162485,NA,55.9692881925935,1294,NA,5178,NA,15.671119241862415,7
119,"31755","batch",307.4410218819976,NA,56.73923521060656,1294,NA,5455,NA,16.084151122748274,7
120,"32751","batch",305.25097141601145,NA,56.27684459358466,1206,NA,5287,NA,15.834875662936762,7
121,"32752","batch",307.45298931747675,NA,56.74176192401401,1206,NA,5456,NA,16.085523606175762,7
122,"32753","batch",304.08360347151756,NA,56.03037539457329,1206,NA,5199,NA,15.703516505457438,7
123,"32754","batch",324.8163170851767,NA,60.407723035300556,1206,NA,6941,NA,18.20677129962987,7
124,"32755","batch",320.07777869328856,NA,59.407264039110025,1206,NA,6508,NA,17.60048502138293,7
125,"33631","batch",258.11070155655034,NA,46.324006151991966,983.3333333333334,NA,2535,NA,11.21554179407066,6
126,"33632","batch",263.73716545151547,NA,47.51193499310791,983.3333333333334,NA,2787,NA,11.70397524956187,6
127,"33633","batch",282.97093158145435,NA,51.57280625000503,983.3333333333334,NA,3794,NA,13.49124008772018,6
128,"34751","batch",307.98011240549386,NA,56.85305468813073,1208,NA,5497,NA,16.14608941011678,7
129,"34752","batch",323.8656326532364,NA,60.20700274693038,1208,NA,6852,NA,18.08334579610255,7
130,"34753","batch",322.0839076060802,NA,59.83082285668892,1208,NA,6689,NA,17.85446919867244,7
131,"34754","batch",321.39951193518937,NA,59.68632475426376,1208,NA,6627,NA,17.767384757583386,7
132,"34755","batch",305.3732492234558,NA,56.302661400873085,1208,NA,5297,NA,15.848695380557308,7
133,"35791","batch",310.44018251262605,NA,57.372455200776805,1378.888888888889,NA,5692,NA,16.43170585423818,7
134,"35792","batch",306.87662800215185,NA,56.62007337465875,1378.888888888889,NA,5412,NA,16.019552145785774,7
135,"35793","batch",314.7278562486172,NA,58.277722058853875,1378.888888888889,NA,6045,NA,16.941558097315635,7
136,"35794","batch",315.39149772934616,NA,58.41783827924308,1378.888888888889,NA,6101,NA,17.02188995185896,7
137,"35795","batch",317.0609879139811,NA,58.77032175328839,1378.888888888889,NA,6244,NA,17.225711627845534,7
138,"35796","batch",319.95950534008443,NA,59.38229270186704,1378.888888888889,NA,6497,NA,17.585631663844886,7
139,"35797","batch",306.0832103807479,NA,56.45255720586956,1378.888888888889,NA,5351,NA,15.92916246110192,7
140,"35798","batch",313.8206240274012,NA,58.08617594013861,1378.888888888889,NA,5969,NA,16.832365082268012,7
141,"35799","batch",306.74736135825515,NA,56.59278099753775,1378.888888888889,NA,5402,NA,16.00479193114007,7
142,"36771","batch",322.3515134546906,NA,59.88732312249531,1225.7142857142858,NA,6713,NA,17.888644667278037,7
143,"36772","batch",302.4572686161846,NA,55.68700340889486,1225.7142857142858,NA,5079,NA,15.52222623330526,7
144,"36773","batch",305.25643992610276,NA,56.277999173259694,1225.7142857142858,NA,5288,NA,15.835493463041741,7
145,"36774","batch",306.07341676950455,NA,56.45048945719616,1225.7142857142858,NA,5350,NA,15.928049796470335,7
146,"36775","batch",306.6239381916821,NA,56.566722367824475,1225.7142857142858,NA,5392,NA,15.99071117851536,7
147,"36776","batch",320.7934095039964,NA,59.55835689165489,1225.7142857142858,NA,6572,NA,17.690641919023207,7
148,"36777","batch",301.9092890564352,NA,55.57130716778847,1225.7142857142858,NA,5038,NA,15.461584973987966,7
149,"37741","batch",317.38528190366924,NA,58.838790722527825,1175,NA,6272,NA,17.26559517689016,7
150,"37742","batch",308.73245567828417,NA,57.01189873100585,1175,NA,5557,NA,16.232917051083554,7
151,"37743","batch",301.05757881328464,NA,55.391483537707444,1175,NA,4976,NA,15.36776911000461,7
152,"37744","batch",304.97200112603605,NA,56.217944925967,1175,NA,5266,NA,15.803389685513684,7
153,"38631","batch",281.57882699975744,NA,51.278887864795585,1083.3333333333333,NA,3712,NA,13.355224009088987,6
154,"38632","batch",292.25830667465925,NA,53.533672068650496,1083.3333333333333,NA,4370,NA,14.4283336896767,6
155,"38633","batch",283.66993991821073,NA,51.720389559684925,1083.3333333333333,NA,3835,NA,13.559959272602116,6
156,"39731","batch",323.64781466685236,NA,60.1610143121035,1190,NA,6832,NA,18.055195577377724,7
157,"39732","batch",317.7167830057442,NA,58.90878134672234,1190,NA,6300,NA,17.30646431596125,7
158,"39733","batch",317.6408411245793,NA,58.89274755488284,1190,NA,6294,NA,17.297092932382967,7
159,"40811","batch",349.2827011849731,NA,65.57336949683335,1390,NA,9539,NA,21.746805963770818,8
160,"41621","batch",276.23484698147513,NA,50.15060052330111,1055,NA,3413,NA,12.84319354897333,6
161,"41622","batch",260.29278171109036,NA,46.784713978007595,1055,NA,2631,NA,11.403267162385513,6
162,"42741","batch",315.1468068137765,NA,58.36617609830838,1607.5,NA,6080,NA,16.99222560299104,7
163,"42742","batch",305.192939594388,NA,56.26459219564949,1607.5,NA,5283,NA,15.828320984361161,7
164,"42743","batch",322.74840317480266,NA,59.97111940272834,1607.5,NA,6749,NA,17.939460572293584,7
165,"42744","batch",314.0132057070732,NA,58.126836172892915,1607.5,NA,5985,NA,16.855483969420753,7
166,"43811","batch",334.84164254181087,NA,62.52439408728522,1630,NA,7929,NA,19.567422608688183,8
167,"44621","batch",296.0007829242386,NA,54.323830071449564,1285,NA,4621,NA,14.821417285896972,6
168,"44622","batch",267.4611652633175,NA,48.29819202120484,1285,NA,2963,NA,12.035338668755772,6
169,"45731","batch",323.39081436768174,NA,60.106753221432776,1353.3333333333333,NA,6808,NA,18.02204277275682,7
170,"45732","batch",316.89600056037307,NA,58.73548757689819,1353.3333333333333,NA,6229,NA,17.20545722273402,7
171,"45733","batch",314.21836713142693,NA,58.17015239736781,1353.3333333333333,NA,6002,NA,16.880148468100266,7
172,"46631","batch",255.24242833419703,NA,45.71842073482025,1206.6666666666667,NA,2414,NA,10.971966559742741,6
173,"46632","batch",283.33828904433176,NA,51.650367313809554,1206.6666666666667,NA,3815,NA,13.527319383997183,6
174,"46633","batch",272.859497476602,NA,49.437954872224715,1206.6666666666667,NA,3234,NA,12.52773432946441,6
175,"47711","batch",310.31189165078104,NA,57.34536884286492,1200,NA,5682,NA,16.41668916708074,7
176,"48811","batch",334.2332293372601,NA,62.395938345545126,1670,NA,7866,NA,19.481593869399283,8
177,"49621","batch",260.76954709296115,NA,46.88537459862879,1260,NA,2652,NA,11.444567448673409,6
178,"49622","batch",264.60329265822656,NA,47.694802511345785,1260,NA,2827,NA,11.78045588990804,6
179,"50741","batch",310.6473517380655,NA,57.41619533711917,1545,NA,5709,NA,16.455984099963636,7
180,"50742","batch",301.4585277941078,NA,55.47613685940779,1545,NA,5006,NA,15.411867634394612,7
181,"50743","batch",303.3309885747731,NA,55.871474003080074,1545,NA,5143,NA,15.619375249580392,7
182,"50744","batch",305.04053271748126,NA,56.23241416553294,1545,NA,5271,NA,15.811118974592235,7
183,"51721","batch",306.61776793189347,NA,56.565419626049724,975,NA,5392,NA,15.990007556561446,7
184,"51722","batch",323.55724802426994,NA,60.141892759246296,975,NA,6824,NA,18.043505011415064,7
185,"52731","batch",309.4466775748879,NA,57.16269411613066,1216.6666666666667,NA,5613,NA,16.315767189321264,7
186,"52732","batch",316.24947331659496,NA,58.5989847264776,1216.6666666666667,NA,6174,NA,17.126324507556987,7
187,"52733","batch",314.9232470057905,NA,58.31897537889052,1216.6666666666667,NA,6061,NA,16.965169250785685,7
188,"53721","batch",319.84325475245714,NA,59.357748435980476,1100,NA,6487,NA,17.57104526654782,7
189,"53722","batch",311.1684039980173,NA,57.526206352719804,1100,NA,5751,NA,16.517203742316482,7
190,"54661","batch",292.157701150747,NA,53.512430982657236,998.3333333333334,NA,4363,NA,14.417894113704966,6
191,"54662","batch",276.9324840151239,NA,50.297894306461004,998.3333333333334,NA,3451,NA,12.90914831549415,6
192,"54663","batch",273.2102377321571,NA,49.51200750512034,998.3333333333334,NA,3253,NA,12.560236896466142,6
193,"54664","batch",285.89396595512517,NA,52.189953520631626,998.3333333333334,NA,3968,NA,13.780512836905286,6
194,"54665","batch",255.72695025266148,NA,45.820719011649466,998.3333333333334,NA,2434,NA,11.012862513657511,6
195,"54666","batch",272.8726399014704,NA,49.440729663965115,998.3333333333334,NA,3235,NA,12.528951071868605,6
196,"55751","batch",307.45105086266994,NA,56.74135265339303,1242,NA,5456,NA,16.085301287099085,7
197,"55752","batch",308.41300724446774,NA,56.94445281562026,1242,NA,5531,NA,16.1959941772514,7
198,"55753","batch",306.28751947171986,NA,56.495693475149615,1242,NA,5366,NA,15.952391287975152,7
199,"55754","batch",303.9584809355438,NA,56.00395797291528,1242,NA,5190,NA,15.689498415658592,7
200,"55755","batch",308.93270333483815,NA,57.05417749987864,1242,NA,5572,NA,16.25610423485643,7
201,"56751","batch",307.58902751654387,NA,56.77048399584849,1230,NA,5467,NA,16.101133101622253,7
202,"56752","batch",317.05829075723886,NA,58.76975229610482,1230,NA,6243,NA,17.22538031712564,7
203,"56753","batch",318.8517595101148,NA,59.14841166315204,1230,NA,6400,NA,17.447156383281992,7
204,"56754","batch",310.73548166640103,NA,57.434802420642605,1230,NA,5716,NA,16.46632284990799,7
205,"56755","batch",310.26805471628904,NA,57.33611344555654,1230,NA,5679,NA,16.411561081525363,7
206,"57761","batch",309.7294471524656,NA,57.22239593646852,1011.6666666666666,NA,5636,NA,16.348683144615975,7
207,"57762","batch",318.497537041083,NA,59.07362382215822,1011.6666666666666,NA,6368,NA,17.403118796730688,7
208,"57763","batch",321.12012646719813,NA,59.62733742911404,1011.6666666666666,NA,6601,NA,17.73196576977619,7
209,"57764","batch",302.4750845246017,NA,55.69076492444609,1011.6666666666666,NA,5080,NA,15.524201522121933,7
210,"57765","batch",312.1315316222608,NA,57.729553802178806,1011.6666666666666,NA,5829,NA,16.63096125517785,7
211,"57766","batch",308.74922971613705,NA,57.015440273921506,1011.6666666666666,NA,5558,NA,16.23485811787971,7
212,"58731","batch",320.6980018708855,NA,59.53821324883574,1113.3333333333333,NA,6563,NA,17.678593928028292,7
213,"58732","batch",319.64142308942974,NA,59.31513523201499,1113.3333333333333,NA,6469,NA,17.54575107385621,7
214,"58733","batch",323.12053560838103,NA,60.04968861757002,1113.3333333333333,NA,6783,NA,17.987248294402598,7
215,"59831","batch",341.5528885219246,NA,63.941355576496015,1473.3333333333333,NA,8649,NA,20.544826242233874,8
216,"59832","batch",346.9725974518806,NA,65.0856317450696,1473.3333333333333,NA,9266,NA,21.378386962973167,8
217,"59833","batch",332.17369238473475,NA,61.96110336021122,1473.3333333333333,NA,7656,NA,19.194303380578468,8
218,"60571","batch",246.90390648506582,NA,43.9578885814508,615.7142857142857,NA,2087,NA,10.283487977139318,5
219,"60572","batch",216.96762158325873,NA,37.637368820799125,615.7142857142857,NA,1184,NA,8.023275247762447,5
220,"60573","batch",228.35084669315256,NA,40.04073648926647,615.7142857142857,NA,1482,NA,8.846896828701357,5
221,"60574","batch",234.27148058032617,NA,41.29077414765359,615.7142857142857,NA,1658,NA,9.291985986254637,5
222,"60575","batch",219.47233308618888,NA,38.166194578602024,615.7142857142857,NA,1245,NA,8.201029322872705,5
223,"60576","batch",247.75837480882183,NA,44.13829453171702,615.7142857142857,NA,2119,NA,10.35274015086177,5
224,"60577","batch",217.95513590262271,NA,37.84586509179398,615.7142857142857,NA,1208,NA,8.093130090986397,5
225,"61671","batch",294.6073685551528,NA,54.02963514768161,841.4285714285714,NA,4526,NA,14.673973684400048,6
226,"61672","batch",278.95205941214226,NA,50.724292112563184,841.4285714285714,NA,3563,NA,13.101569171946238,6
227,"61673","batch",266.39805531315506,NA,48.073735063042285,841.4285714285714,NA,2912,NA,11.940066522640976,6
228,"61674","batch",261.39137641945854,NA,47.01666291843104,841.4285714285714,NA,2680,NA,11.49858881185522,6
229,"61675","batch",256.3880538744852,NA,45.960299407790174,841.4285714285714,NA,2462,NA,11.068825711600821,6
230,"61676","batch",256.5018968805671,NA,45.98433535520024,841.4285714285714,NA,2467,NA,11.078481713289618,6
231,"61677","batch",265.5062138400972,NA,47.885438429965724,841.4285714285714,NA,2870,NA,11.860562173612012,6
232,"62751","batch",321.3106484338641,NA,59.66756278971241,1270,NA,6618,NA,17.756110928153397,7
233,"62752","batch",317.47960133105516,NA,58.858704609857575,1270,NA,6280,NA,17.27721312385163,7
234,"62753","batch",307.29388467408717,NA,56.70816977836687,1270,NA,5444,NA,16.067285976975434,7
235,"62754","batch",313.5295691676438,NA,58.024724828266706,1270,NA,5945,NA,16.797485715096734,7
236,"62755","batch",318.4819753114134,NA,59.07033823678217,1270,NA,6367,NA,17.40118680852384,7
237,"63721","batch",309.69677980802953,NA,57.21549880154637,1275,NA,5633,NA,16.344877149596996,7
238,"63722","batch",319.7064736150205,NA,59.328869505782954,1275,NA,6475,NA,17.553899209191535,7
239,"64521","batch",241.99600581778213,NA,42.921671721121236,585,NA,1911,NA,9.891213339761768,5
240,"64522","batch",215.3441558815539,NA,37.29460260642006,585,NA,1146,NA,7.909069066868531,5
241,"65621","batch",254.17716253874823,NA,45.49350860786244,925,NA,2370,NA,10.882405522937235,6
242,"65622","batch",268.7187705291435,NA,48.56371324268657,925,NA,3025,NA,12.148750886062754,6
243,"66821","batch",330.4398065805435,NA,61.595023884282575,1510,NA,7482,NA,18.956232551376004,8
244,"66822","batch",338.4552192054689,NA,63.28733721079556,1510,NA,8310,NA,20.08653589933244,8
245,"67751","batch",323.1398463845253,NA,60.05376574813628,1134,NA,6785,NA,17.989731861198145,7
246,"67752","batch",323.29931075684726,NA,60.08743384421722,1134,NA,6800,NA,18.01025484506112,7
247,"67753","batch",306.40398593246937,NA,56.520283318847156,1134,NA,5375,NA,15.965647438559559,7
248,"67754","batch",303.38356814160943,NA,55.88257525336166,1134,NA,5147,NA,15.625239741486167,7
249,"67755","batch",303.89453906193376,NA,55.99045777150382,1134,NA,5185,NA,15.682339259552405,7
250,"68751","batch",313.74275342561305,NA,58.06973493287969,1300,NA,5962,NA,16.823026064173405,7
251,"68752","batch",320.97395940311253,NA,59.59647682567111,1300,NA,6588,NA,17.71346554221634,7
252,"68753","batch",317.6860429737717,NA,58.902291129911454,1300,NA,6298,NA,17.30267029617172,7
253,"68754","batch",324.49717823415995,NA,60.34034248287532,1300,NA,6911,NA,18.165235786882107,7
254,"68755","batch",304.9398844614625,NA,56.21116405740735,1300,NA,5264,NA,15.799768666560231,7
255,"69751","batch",313.3578426130116,NA,57.988467788171654,1144,NA,5930,NA,16.77694068753793,7
256,"69752","batch",304.83204208500683,NA,56.188395037348265,1144,NA,5256,NA,15.787615663685022,7
257,"69753","batch",304.2133172675967,NA,56.05776218000897,1144,NA,5209,NA,15.71806147619033,7
258,"69754","batch",303.6560993362218,NA,55.940115419303815,1144,NA,5167,NA,15.655669885081567,7
259,"69755","batch",305.5967598967254,NA,56.34985174636021,1144,NA,5314,NA,15.873986090778866,7
260,"70541","batch",227.54831206798553,NA,39.871295425566906,775,NA,1459,NA,8.787473055968603,5
261,"70542","batch",244.40381765109487,NA,43.43003881885237,775,NA,1996,NA,10.082505603535939,5
262,"70543","batch",235.39991040085442,NA,41.529022246993634,775,NA,1693,NA,9.378186733167968,5
263,"70544","batch",218.44090701686218,NA,37.94842711432869,775,NA,1220,NA,8.127600689073143,5
264,"71831","batch",348.0917398817837,NA,65.3219189753117,1430,NA,9397,NA,21.555849424616213,8
265,"71832","batch",345.58623198606074,NA,64.79292507318493,1430,NA,9105,NA,21.161147761472343,8
266,"71833","batch",330.05667293816805,NA,61.514131957794454,1430,NA,7445,NA,18.904083586682574,8
267,"72521","batch",249.99752467684448,NA,44.61105162346435,660,NA,2204,NA,10.535598325121962,5
268,"72522","batch",228.51703821821138,NA,40.075824905268405,660,NA,1487,NA,8.859229113650537,5
269,"73611","batch",293.13364428584464,NA,53.718484201715306,870,NA,4428,NA,14.51944316808986,6
270,"74761","batch",301.4847251866013,NA,55.481667977830654,1055,NA,5007,NA,15.414753043007297,7
271,"74762","batch",318.43495754525065,NA,59.06041126284041,1055,NA,6363,NA,17.3953509191547,7
272,"74763","batch",308.52309913374484,NA,56.96769678072635,1055,NA,5540,NA,16.208709684548566,7
273,"74764","batch",316.4664005804807,NA,58.64478510092324,1055,NA,6192,NA,17.15283365930199,7
274,"74765","batch",306.87143851444125,NA,56.61897770564939,1055,NA,5411,NA,16.018959335266167,7
275,"74766","batch",303.60062870010734,NA,55.928403770619035,1055,NA,5163,NA,15.649471654161262,7
276,"75511","batch",201.30190364294685,NA,34.32982815129675,1220,NA,852,NA,6.9526919249991614,5
277,"76621","batch",256.7922525445465,NA,46.04563884418755,720,NA,2479,NA,11.103134711425053,6
278,"76622","batch",258.5938664327841,NA,46.426017913234396,720,NA,2556,NA,11.256926208296223,6
279,"77731","batch",302.72735578753054,NA,55.7440275623324,1260,NA,5098,NA,15.552196629948776,7
280,"77732","batch",310.7231770437211,NA,57.432204516091296,1260,NA,5715,NA,16.46487897623335,7
281,"77733","batch",308.7469863612205,NA,57.01496662900775,1260,NA,5558,NA,16.234598507034903,7
282,"78711","batch",312.21626744419336,NA,57.7474442798622,1290,NA,5836,NA,16.64100700888573,7
283,"79821","batch",341.33116022124887,NA,63.89454154761723,1790,NA,8624,NA,20.511598792020244,8
284,"79822","batch",337.1978479158133,NA,63.02186538926488,1790,NA,8176,NA,19.904060416492392,8
285,"80581","batch",218.1703195408918,NA,37.89129733037368,656.25,NA,1213,NA,8.108390821548015,5
286,"80582","batch",244.11237700819038,NA,43.36850625565767,656.25,NA,1986,NA,10.059234136888671,5
287,"80583","batch",224.42986440029927,NA,39.212890076646026,656.25,NA,1373,NA,8.558564230051585,5
288,"80584","batch",242.5427588603925,NA,43.03710900471705,656.25,NA,1930,NA,9.934458053951946,5
289,"80585","batch",237.03657178324647,NA,41.874574497142085,656.25,NA,1745,NA,9.504011580797597,5
290,"80586","batch",230.35502241947688,NA,40.4638829258935,656.25,NA,1540,NA,8.996231259647,5
291,"80587","batch",224.13453979045153,NA,39.15053748217841,656.25,NA,1366,NA,8.537048627747643,5
292,"80588","batch",248.73575248545967,NA,44.34465062897732,656.25,NA,2156,NA,10.432309387181347,5
293,"81651","batch",271.3349207341671,NA,49.11606732142151,1046,NA,3156,NA,12.38718849514503,6
294,"81652","batch",253.34713558969088,NA,45.318263023762796,1046,NA,2337,NA,10.812955100271749,6
295,"81653","batch",288.95344569534063,NA,52.83590882934056,1046,NA,4158,NA,14.088783131978586,6
296,"81654","batch",283.94271734007634,NA,51.77798171217867,1046,NA,3851,NA,13.586853198658124,6
297,"81655","batch",260.7205283746589,NA,46.87502515885404,1046,NA,2650,NA,11.440316413206666,6
298,"82651","batch",257.806263379287,NA,46.25972938813829,860,NA,2522,NA,11.189518667829395,6
299,"82652","batch",298.3533939947374,NA,54.8205424994943,860,NA,4784,NA,15.073367087600117,6
300,"82653","batch",275.55713003128767,NA,50.007512515225336,860,NA,3377,NA,12.7793718216894,6
301,"82654","batch",291.32409502961673,NA,53.33642971935799,860,NA,4309,NA,14.331644432428218,6
302,"82655","batch",257.43895778036676,NA,46.18217927449566,860,NA,2507,NA,11.158175854134125,6
303,"83641","batch",280.36652460391633,NA,51.022931547105124,1085,NA,3643,NA,13.237676074689533,6
304,"83642","batch",262.88514348422177,NA,47.33204554795955,1085,NA,2747,NA,11.629082143086777,6
305,"83643","batch",273.1827656244859,NA,49.506207253019184,1085,NA,3251,NA,12.557688801149006,6
306,"83644","batch",263.4192914632149,NA,47.44482149418708,1085,NA,2772,NA,11.675994482838531,6
307,"84751","batch",310.8503952343017,NA,57.45906439834176,1208,NA,5725,NA,16.479813330474684,7
308,"84752","batch",301.58458815328777,NA,55.502752285932665,1208,NA,5015,NA,15.425756655159498,7
309,"84753","batch",308.46100148558617,NA,56.954585955065646,1208,NA,5535,NA,16.20153626926055,7
310,"84754","batch",312.65885640121996,NA,57.84088914978873,1208,NA,5873,NA,16.69357657626265,7
311,"84755","batch",312.1152016967535,NA,57.72610602576976,1208,NA,5828,NA,16.629025978465457,7
312,"85751","batch",302.6441470813006,NA,55.72645950825657,1216,NA,5092,NA,15.542957557721154,7
313,"85752","batch",305.85733993910253,NA,56.40486863681533,1216,NA,5333,NA,15.903519975504357,7
314,"85753","batch",312.7096311710775,NA,57.8516093489477,1216,NA,5877,NA,16.699618123168833,7
315,"85754","batch",308.48436393402517,NA,56.95951852493864,1216,NA,5537,NA,16.204234696313847,7
316,"85755","batch",322.1599295902997,NA,59.84687356087881,1216,NA,6695,NA,17.86417068370953,7
317,"86751","batch",308.02747784741223,NA,56.86305506769015,1213,NA,5501,NA,16.151542470362735,7
318,"86752","batch",317.37149382941425,NA,58.8358796132811,1213,NA,6270,NA,17.263897489234523,7
319,"86753","batch",303.47530879825354,NA,55.90194467862856,1213,NA,5154,NA,15.635477048171426,7
320,"86754","batch",301.28155283257365,NA,55.43877171055294,1213,NA,4993,NA,15.392388542582209,7
321,"86755","batch",306.7548901066184,NA,56.59437056026936,1213,NA,5402,NA,16.005651236022203,7
322,"87751","batch",303.09655012376606,NA,55.82197644962257,1280,NA,5126,NA,15.593252190161225,7
323,"87752","batch",320.57290550880134,NA,59.511801353333944,1280,NA,6552,NA,17.662810099259815,7
324,"87753","batch",312.40247219987214,NA,57.78675813733167,1280,NA,5852,NA,16.66310365687172,7
325,"87754","batch",309.7663290742785,NA,57.23018290523883,1280,NA,5638,NA,16.352981218383995,7
326,"87755","batch",317.5192399546504,NA,58.86707360769885,1280,NA,6283,NA,17.282098101012622,7
327,"88861","batch",339.23608803376555,NA,63.45220392274445,1608.3333333333333,NA,8395,NA,20.200876495611077,8
328,"88862","batch",342.5540146436542,NA,64.15272574003006,1608.3333333333333,NA,8760,NA,20.695684705783044,8
329,"88863","batch",326.1445831358433,NA,60.6881630380657,1608.3333333333333,NA,7066,NA,18.380767831158565,8
330,"88864","batch",348.90454540401697,NA,65.49352855818724,1608.3333333333333,NA,9494,NA,21.68593498437489,8
331,"88865","batch",342.75121531635523,NA,64.19436119188084,1608.3333333333333,NA,8782,NA,20.725562831435944,8
332,"88866","batch",343.76032935269177,NA,64.40741786301878,1608.3333333333333,NA,8896,NA,20.87930181455353,8
333,"89521","batch",215.2698574087117,NA,37.27891579132841,760,NA,1144,NA,7.90386112391165,5
334,"89522","batch",226.92446516966447,NA,39.73958113097782,760,NA,1442,NA,8.7414266412508,5
335,"90681","batch",270.269484618213,NA,48.89111923428619,1025,NA,3102,NA,12.289670505277876,6
336,"90682","batch",288.9139098098967,NA,52.82756152285204,1025,NA,4155,NA,14.084762826689557,6
337,"90683","batch",297.58226000657305,NA,54.657731127732916,1025,NA,4730,NA,14.990361767678754,6
338,"90684","batch",260.05494342627935,NA,46.73449860947011,1025,NA,2620,NA,11.38270250482635,6
339,"90685","batch",251.79352748952806,NA,44.99024601264747,1025,NA,2274,NA,10.68373611116219,6
340,"90686","batch",271.1402485494036,NA,49.0749657153043,1025,NA,3146,NA,12.369327603716794,6
341,"90687","batch",297.0741592682898,NA,54.5504545980214,1025,NA,4694,NA,14.935895314100707,6
342,"90688","batch",265.8185402788222,NA,47.95138066141529,1025,NA,2884,NA,11.888361638406115,6
343,"917141","batch",309.49322350136936,NA,57.17252146942679,1289.2857142857142,NA,5617,NA,16.321180912095407,7
344,"917142","batch",324.6651303116232,NA,60.37580260853657,1289.2857142857142,NA,6926,NA,18.18708158781476,7
345,"917143","batch",321.4676132388413,NA,59.700703146134025,1289.2857142857142,NA,6633,NA,17.776029734774617,7
346,"917144","batch",318.82801000215113,NA,59.143397372471604,1289.2857142857142,NA,6397,NA,17.444200146793293,7
347,"917145","batch",313.75316253118217,NA,58.071932632348954,1289.2857142857142,NA,5963,NA,16.82427412380889,7
348,"917146","batch",307.6290450915694,NA,56.77893300261575,1289.2857142857142,NA,5470,NA,16.105727650610902,7
349,"917147","batch",310.18546550534666,NA,57.31867618700925,1289.2857142857142,NA,5672,NA,16.40190401722964,7
350,"917148","batch",311.0310076791793,NA,57.49719753779487,1289.2857142857142,NA,5740,NA,16.501038813477905,7
351,"917149","batch",315.9006579183042,NA,58.525338493321165,1289.2857142857142,NA,6144,NA,17.08378674243057,7
352,"9171410","batch",320.88345933519304,NA,59.57736932888245,1289.2857142857142,NA,6580,NA,17.70202135314352,7
353,"9171411","batch",303.34804568067193,NA,55.87507531083242,1289.2857142857142,NA,5144,NA,15.621277496719143,7
354,"9171412","batch",322.5129153318703,NA,59.92140028863222,1289.2857142857142,NA,6728,NA,17.909291058543197,7
355,"9171413","batch",309.57718464545906,NA,57.19024838751589,1289.2857142857142,NA,5623,NA,16.330950835559946,7
356,"9171414","batch",302.09032141231,NA,55.609528964059344,1289.2857142857142,NA,5052,NA,15.481594145974002,7
357,"92821","batch",335.1275833006948,NA,62.584765446751824,1350,NA,7959,NA,19.60791391913225,8
358,"92822","batch",340.62674965523183,NA,63.74581765229333,1350,NA,8546,NA,20.406477047480678,8
359,"93551","batch",230.13493018737063,NA,40.41741432410285,652,NA,1533,NA,8.979766051901784,5
360,"93552","batch",233.15133759565651,NA,41.05427566787956,652,NA,1623,NA,9.206858403686828,5
361,"93553","batch",224.00475248508155,NA,39.123135176549525,652,NA,1362,NA,8.527601900815675,5
362,"93554","batch",226.88359354203567,NA,39.73095180603235,652,NA,1441,NA,8.738414338881544,5
363,"93555","batch",230.39670245628804,NA,40.472682932212045,652,NA,1541,NA,8.999351202455099,5
364,"94691","batch",252.02816060231999,NA,45.03978466551535,980,NA,2284,NA,10.703187038779536,6
365,"94692","batch",277.6475240988657,NA,50.44886243740216,980,NA,3491,NA,12.977021224380389,6
366,"94693","batch",295.98831282556057,NA,54.32119722955317,980,NA,4620,NA,14.82009194665257,6
367,"94694","batch",278.61643194407225,NA,50.65343027880151,980,NA,3544,NA,13.069436469079657,6
368,"94695","batch",259.3856800729409,NA,46.59319542960892,980,NA,2591,NA,11.324970975310851,6
369,"94696","batch",289.3797921005171,NA,52.92592437026821,980,NA,4185,NA,14.132199165797301,6
370,"94697","batch",284.6175403248053,NA,51.92045871037373,980,NA,3891,NA,13.653573678378509,6
371,"94698","batch",298.02947411336936,NA,54.752152516643385,980,NA,4761,NA,15.038449625035854,6
372,"94699","batch",266.5726441103034,NA,48.110596415277,980,NA,2920,NA,11.955675100472128,6
373,"95661","batch",286.5243387448136,NA,52.32304564234517,1011.6666666666666,NA,4007,NA,13.843562378849272,6
374,"95662","batch",257.5561438326258,NA,46.2069210472776,1011.6666666666666,NA,2512,NA,11.168169117376827,6
375,"95663","batch",253.87376371701248,NA,45.42945128563861,1011.6666666666666,NA,2358,NA,10.856985704546371,6
376,"95664","batch",253.312597023556,NA,45.310970813307286,1011.6666666666666,NA,2335,NA,10.810071455567371,6
377,"95665","batch",254.8971683967393,NA,45.64552517465235,1011.6666666666666,NA,2400,NA,10.94288629146832,6
378,"95666","batch",270.64457229780965,NA,48.9703123973204,1011.6666666666666,NA,3121,NA,12.323936538047798,6
379,"96771","batch",317.86131226830184,NA,58.93929615719346,1452.857142857143,NA,6313,NA,17.324314141585127,7
380,"96772","batch",312.62271374091506,NA,57.83325826307688,1452.857142857143,NA,5870,NA,16.689277401214078,7
381,"96773","batch",302.3369105439633,NA,55.661591919916724,1452.857142857143,NA,5070,NA,15.50888801986281,7
382,"96774","batch",307.45216091163456,NA,56.7415870206981,1452.857142857143,NA,5456,NA,16.08542859693074,7
383,"96775","batch",324.86721291206777,NA,60.41846879352189,1452.857142857143,NA,6945,NA,18.213404939088633,7
384,"96776","batch",302.29992583207786,NA,55.653783248831424,1452.857142857143,NA,5067,NA,15.504791483835794,7
385,"96777","batch",316.9182399902493,NA,58.74018304116368,1452.857142857143,NA,6231,NA,17.208185970615837,7
386,"97841","batch",340.11214131861925,NA,63.63716715771043,1495,NA,8490,NA,20.33009852758387,8
387,"97842","batch",336.72272978164256,NA,62.921552556008514,1495,NA,8126,NA,19.8356275825465,8
388,"97843","batch",345.8035527970642,NA,64.83880853817912,1495,NA,9130,NA,21.19501405778395,8
389,"97844","batch",344.6541984062642,NA,64.59614258404115,1495,NA,8998,NA,21.01668182836731,8
390,"98851","batch",330.46044118888676,NA,61.59938051872184,1322,NA,7484,NA,18.9590458140959,8
391,"98852","batch",336.9681543316692,NA,62.97336963094886,1322,NA,8152,NA,19.87094168808722,8
392,"98853","batch",344.23296945542097,NA,64.50720750354282,1322,NA,8950,NA,20.951800974627922,8
393,"98854","batch",335.4769806601107,NA,62.65853455075894,1322,NA,7995,NA,19.65752551306621,8
394,"98855","batch",345.95832097902894,NA,64.87148511630619,1322,NA,9148,NA,21.219174598349497,8
395,"99751","batch",312.5942567270249,NA,57.82725006535923,1150,NA,5867,NA,16.68589321774244,7
396,"99752","batch",322.70796327479184,NA,59.9625812294722,1150,NA,6745,NA,17.934275718001118,7
397,"99753","batch",323.536919567734,NA,60.13760076337372,1150,NA,6822,NA,18.040882094264234,7
398,"99754","batch",308.9952767174691,NA,57.06738876850155,1150,NA,5577,NA,16.263356407559385,7
399,"99755","batch",322.98952379077673,NA,60.022027777730905,1150,NA,6771,NA,17.970408609128114,7
400,"100751","batch",319.11073960363865,NA,59.2030907525615,1192,NA,6422,NA,17.479427305091363,7
401,"100752","batch",318.9588543046266,NA,59.17102284443907,1192,NA,6409,NA,17.460493621250308,7
402,"100753","batch",305.36483692750335,NA,56.30088529261602,1192,NA,5296,NA,15.847744262769988,7
403,"100754","batch",321.7036405354738,NA,59.750536156386055,1192,NA,6654,NA,17.80602659092586,7
404,"100755","batch",310.175414821133,NA,57.31655416190197,1192,NA,5671,NA,16.40072918502601,7
405,"101751","batch",311.58404939994216,NA,57.61396256511913,1310,NA,5785,NA,16.56620117893349,7
406,"101752","batch",305.1600433345884,NA,56.25764672927661,1310,NA,5280,NA,15.824606509014545,7
407,"101753","batch",315.14828276634216,NA,58.366487719719906,1310,NA,6080,NA,16.992404376839318,7
408,"101754","batch",306.0395797640085,NA,56.44334536892401,1310,NA,5347,NA,15.924206104709539,7
409,"101755","batch",304.756812620908,NA,56.172511659835685,1310,NA,5250,NA,15.779143145651178,7
410,"102751","batch",314.41410289891064,NA,58.21147856026027,1114,NA,6019,NA,16.903714000683173,7
411,"102752","batch",304.2036192882806,NA,56.05571462233417,1114,NA,5208,NA,15.716973588996614,7
412,"102753","batch",302.4685752224177,NA,55.689390599835775,1114,NA,5079,NA,15.523479794288916,7
413,"102754","batch",322.4448497965932,NA,59.90702944862486,1114,NA,6721,NA,17.900581043712286,7
414,"102755","batch",324.11740280129015,NA,60.26015958322906,1114,NA,6875,NA,18.115943451515328,7
415,"103721","batch",302.64102939888835,NA,55.72580126447786,1245,NA,5092,NA,15.542611485952973,7
416,"103722","batch",321.72052164934576,NA,59.754100306518886,1245,NA,6656,NA,17.808174099300082,7
417,"104671","batch",256.33227619645186,NA,45.94852293260732,1098.5714285714287,NA,2460,NA,11.064096776323355,6
418,"104672","batch",278.19946620683186,NA,50.56539530083457,1098.5714285714287,NA,3521,NA,13.029602889751612,6
419,"104673","batch",294.8508576611057,NA,54.08104358766428,1098.5714285714287,NA,4542,NA,14.699644207198125,6
420,"104674","batch",296.8496722674463,NA,54.503058118147734,1098.5714285714287,NA,4679,NA,14.911887932466678,6
421,"104675","batch",292.9492600231897,NA,53.67955470931215,1098.5714285714287,NA,4415,NA,14.50020995127561,6
422,"104676","batch",291.95887423632666,NA,53.4704521784848,1098.5714285714287,NA,4350,NA,14.397281632935472,6
423,"104677","batch",252.29377079266123,NA,45.09586358319631,1098.5714285714287,NA,2294,NA,10.725233465329707,6
424,"105691","batch",295.3715080737602,NA,54.19096976027949,975.5555555555555,NA,4578,NA,14.754668707426445,6
425,"105692","batch",289.26559305167757,NA,52.90181325069525,975.5555555555555,NA,4177,NA,14.12055882961956,6
426,"105693","batch",286.0401686707046,NA,52.22082165126012,975.5555555555555,NA,3977,NA,13.795114651910643,6
427,"105694","batch",283.4914438461419,NA,51.682703255108045,975.5555555555555,NA,3824,NA,13.542384360223489,6
428,"105695","batch",278.71727732452564,NA,50.674722006282614,975.5555555555555,NA,3550,NA,13.07908479376786,6
429,"105696","batch",276.9854638688266,NA,50.30908007027047,975.5555555555555,NA,3454,NA,12.914167758096399,6
430,"105697","batch",280.59809775464237,NA,51.07182414282971,975.5555555555555,NA,3656,NA,13.2600658215471,6
431,"105698","batch",286.8368672316428,NA,52.38903053269647,975.5555555555555,NA,4026,NA,13.874910265731673,6
432,"105699","batch",265.5638172526378,NA,47.89760037686188,975.5555555555555,NA,2872,NA,11.865685824412209,6
433,"106581","batch",224.11273707728833,NA,39.14593422296185,696.25,NA,1365,NA,8.535461315258662,5
434,"106582","batch",201.13579797977582,NA,34.29475786352148,696.25,NA,849,NA,6.9417020904650375,5
435,"106583","batch",241.06353507214226,NA,42.72479693210255,696.25,NA,1879,NA,9.81771952847981,5
436,"106584","batch",232.27542054792866,NA,40.869341196985296,696.25,NA,1597,NA,9.140593897451266,5
437,"106585","batch",201.647883458063,NA,34.40287570096435,696.25,NA,859,NA,6.97560591132655,5
438,"106586","batch",214.77296105353162,NA,37.17400486994278,696.25,NA,1133,NA,7.8690731426253695,5
439,"106587","batch",210.15696982410736,NA,36.199419550613136,696.25,NA,1030,NA,7.549340206453914,5
440,"106588","batch",222.0528469455894,NA,38.71102467006043,696.25,NA,1311,NA,8.386174237189334,5
441,"107611","batch",286.92583448812366,NA,52.407814403323115,1130,NA,4031,NA,13.883844873726163,6
442,"108731","batch",303.11580315977335,NA,55.826041389374964,1183.3333333333333,NA,5127,NA,15.595395974032156,7
443,"108732","batch",308.6730134114623,NA,56.99934854238699,1183.3333333333333,NA,5552,NA,16.226040305565057,7
444,"108733","batch",320.73518757522106,NA,59.54606435593997,1183.3333333333333,NA,6567,NA,17.683288666548115,7
445,"1","DFO",82,9,9.141330582812875,7,NA,NA,12,0.4928751594002234,NA
446,"96","DFO",88,11,10.408124999297764,7,NA,NA,1,0.7642410844851031,NA
447,"30","DFO",90,12,10.830389804792725,9,NA,NA,9,0.8556905470931926,NA
448,"52","DFO",123,22,17.79775909545961,NA,NA,98,NA,2.442171852902323,NA
449,"183","DFO",124,14,18.008891498207092,25,NA,101,10,2.492694400687361,NA
450,"23","DFO",143,21,22.02040715040924,48,NA,190,NA,3.4830268923859684,NA
451,"34","DFO",143,22,22.02040715040924,50,NA,190,10,3.4830268923859684,NA
452,"181","DFO",149,33,23.287201566894133,47,NA,227,12,3.808440590115702,NA
453,"172","DFO",151,24,23.709466372389095,NA,NA,241,NA,3.918344035655866,NA
454,"24","DFO",163,35,26.24305520535887,69,NA,337,2,4.5934870735787,NA
455,"124","DFO",183,38,30.465703260308494,100,NA,561,15,5.7835332425302894,NA
456,"25","DFO",196,41,33.21042449602576,131,NA,758,14,6.605447694156203,NA
457,"180","DFO",211,34,36.37741053723798,149,NA,1048,13,7.607276369364671,NA
458,"182","DFO",225,35,39.333264175702716,200,NA,1389,NA,8.600179931059348,NA
459,"174","DFO",226,54,39.5443965784502,250,NA,1416,NA,8.67342532369089,NA
460,"7","DFO",227,37,39.75552898119768,211,8.5,1444,13,8.746995113468259,NA
461,"173","DFO",229,50,40.177793786692646,240,NA,1500,7,8.895119468104843,NA
462,"179","DFO",233,39,41.02232339768257,260,NA,1619,17,9.195390569283987,NA
463,"75","DFO",234,38,41.23345580043005,247,NA,1649,12,9.271314169992847,NA
464,"167","DFO",245,54,43.555912230652346,360,NA,2017,NA,10.130212425389049,NA
465,"166","DFO",251,47,44.82270664713724,320,NA,2243,12,10.618121473536547,NA
466,"89","DFO",254,44,45.45610385537968,327,31.2,2363,NA,10.867557498490473,NA
467,"171","DFO",259,55,46.511765869117085,360,NA,2574,NA,11.29179261131528,NA
468,"37","DFO",262,41,47.145163077359534,340,NA,2707,NA,11.551633599766197,NA
469,"2","DFO",272,46,49.25648710483434,410,NA,3190,NA,12.448353844945709,NA
470,"168","DFO",277,49,50.31214911857175,380,NA,3455,NA,12.91554521238181,NA
471,"10","DFO",280,45,50.945546326814195,420,NA,3622,NA,13.202300057732986,NA
472,"40","DFO",287,49,52.42347314604657,430,NA,4036,NA,13.89129667924549,NA
473,"42","DFO",287,51,52.42347314604657,510,NA,4036,NA,13.89129667924549,NA
474,"21","DFO",288,55,52.63460554879405,550,NA,4098,NA,13.992099802352078,NA
475,"178","DFO",289,50,52.84573795154153,520,NA,4161,NA,14.093518370525283,NA
476,"161","DFO",290,62,53.05687035428901,720,NA,4224,NA,14.195559945050663,NA
477,"29","DFO",292,58,53.47913515978397,NA,NA,4353,NA,14.401543062824766,NA
478,"170","DFO",292,52,53.47913515978397,460,NA,4353,NA,14.401543062824766,NA
479,"15","DFO",293,47,53.69026756253145,650,NA,4419,NA,14.505500443742418,NA
480,"17","DFO",297,53,54.53479717352138,NA,NA,4689,NA,14.927960638517318,NA
481,"83","DFO",298,50,54.745929576268864,410,66,4759,16,15.03527605589545,NA
482,"141","DFO",301,55,55.379326784511306,550,12.1,4972,12,15.361445884769049,NA
483,"48","DFO",302,54,55.59045918725879,550,NA,5045,NA,15.471608074316242,NA
484,"33","DFO",303,46,55.80159159000627,530,NA,5119,NA,15.58250571352727,NA
485,"85","DFO",303,59,55.80159159000627,500,21.5,5119,14,15.58250571352727,NA
486,"39","DFO",309,61,57.06838600649116,790,NA,5578,NA,16.263903958327724,NA
487,"35","DFO",310,54,57.27951840923864,NA,NA,5657,NA,16.38023818043589,NA
488,"177","DFO",313,54,57.91291561748108,610,NA,5901,NA,16.734210570098014,NA
489,"9","DFO",314,50,58.124048020228564,530,NA,5984,NA,16.853897633609193,NA
490,"142","DFO",314,63,58.124048020228564,650,NA,5984,NA,16.853897633609193,NA
491,"4","DFO",316,62,58.546312825723525,1150,NA,6153,NA,17.095890341867424,NA
492,"44","DFO",316,56,58.546312825723525,570,NA,6153,NA,17.095890341867424,NA
493,"152","DFO",316,59,58.546312825723525,840,NA,6153,NA,17.095890341867424,NA
494,"49","DFO",317,50,58.757445228471006,570,NA,6238,NA,17.218221667850024,NA
495,"16","DFO",318,60,58.96857763121849,510,NA,6325,NA,17.341460571873036,NA
496,"176","DFO",318,47,58.96857763121849,490,NA,6325,NA,17.341460571873036,NA
497,"6","DFO",320,53,59.39084243671345,680,NA,6501,NA,17.59071569012545,NA
498,"164","DFO",320,63,59.39084243671345,790,NA,6501,NA,17.59071569012545,NA
499,"41","DFO",321,54,59.60197483946093,NA,NA,6591,NA,17.71675996800368,NA
500,"165","DFO",321,68,59.60197483946093,770,NA,6591,NA,17.71675996800368,NA
501,"3","DFO",322,55,59.81310724220841,720,NA,6681,NA,17.843767970182732,NA
502,"32","DFO",322,58,59.81310724220841,770,NA,6681,NA,17.843767970182732,NA
503,"13","DFO",323,61,60.024239644955905,780,NA,6772,NA,17.971754547398312,NA
504,"80","DFO",323,54,60.024239644955905,680,NA,6772,16,17.971754547398312,NA
505,"169","DFO",323,59,60.024239644955905,380,NA,6772,NA,17.971754547398312,NA
506,"50","DFO",324,59,60.235372047703386,850,NA,6865,NA,18.100734896322123,NA
507,"130","DFO",324,57,60.235372047703386,600,NA,6865,22,18.100734896322123,NA
508,"157","DFO",325,68,60.44650445045087,870,57.9,6958,18,18.230724570390322,NA
509,"84","DFO",326,54,60.65763685319835,590,NA,7052,28,18.36173949105917,NA
510,"36","DFO",327,48,60.86876925594583,470,15.2,7147,14,18.493795959507963,NA
511,"38","DFO",328,47,61.07990165869331,530,NA,7243,NA,18.62691066881097,NA
512,"101","DFO",328,56,61.07990165869331,660,15.6,7243,28,18.62691066881097,NA
513,"112","DFO",328,54,61.07990165869331,630,NA,7243,17,18.62691066881097,NA
514,"8","DFO",329,71,61.29103406144079,730,NA,7341,NA,18.76110071660098,NA
515,"68","DFO",333,58,62.13556367243071,690,55.7,7740,NA,19.30897115823897,NA
516,"73","DFO",333,64,62.13556367243071,1100,NA,7740,NA,19.30897115823897,NA
517,"12","DFO",335,56,62.557828477925675,610,NA,7945,NA,19.589834991468884,NA
518,"47","DFO",335,52,62.557828477925675,630,NA,7945,NA,19.589834991468884,NA
519,"76","DFO",336,54,62.768960880673156,704,NA,8050,22,19.732068035131036,NA
520,"71","DFO",337,60,62.980093283420636,920,NA,8155,NA,19.875529464700634,NA
521,"155","DFO",338,69,63.19122568616812,980,36.1,8262,NA,20.02024068289591,NA
522,"162","DFO",339,61,63.4023580889156,990,NA,8369,NA,20.166223656718323,NA
523,"61","DFO",341,57,63.82462289441056,860,NA,8587,NA,20.462095681636328,NA
524,"92","DFO",342,50,64.03575529715805,740,NA,8698,14,20.612031672787126,NA
525,"58","DFO",343,58,64.24688769990553,1030,NA,8810,NA,20.76333334437306,NA
526,"175","DFO",343,63,64.24688769990553,890,NA,8810,NA,20.76333334437306,NA
527,"107","DFO",344,65,64.45802010265301,1040,NA,8923,NA,20.916025803647045,NA
528,"57","DFO",345,61,64.66915250540049,1160,NA,9037,NA,21.07013485666421,NA
529,"70","DFO",345,64,64.66915250540049,920,NA,9037,NA,21.07013485666421,NA
530,"90","DFO",345,69,64.66915250540049,930,NA,9037,18,21.07013485666421,NA
531,"133","DFO",345,66,64.66915250540049,920,80.4,9037,NA,21.07013485666421,NA
532,"100","DFO",346,67,64.88028490814798,1030,78.6,9153,20,21.225687034457643,NA
533,"103","DFO",346,74,64.88028490814798,1180,NA,9153,18,21.225687034457643,NA
534,"160","DFO",346,71,64.88028490814798,1090,94,9153,24,21.225687034457643,NA
535,"163","DFO",346,66,64.88028490814798,1120,NA,9153,NA,21.225687034457643,NA
536,"60","DFO",347,66,65.09141731089547,1040,NA,9269,NA,21.382709620451372,NA
537,"74","DFO",347,63,65.09141731089547,1070,NA,9269,NA,21.382709620451372,NA
538,"56","DFO",348,63,65.30254971364295,940,NA,9387,NA,21.541230679181375,NA
539,"67","DFO",348,63,65.30254971364295,990,NA,9387,NA,21.541230679181375,NA
540,"105","DFO",349,67,65.51368211639043,950,61.7,9505,27,21.701279086400305,NA
541,"11","DFO",350,49,65.72481451913791,600,NA,9625,NA,21.862884560646584,NA
542,"72","DFO",350,69,65.72481451913791,1250,NA,9625,NA,21.862884560646584,NA
543,"98","DFO",350,67,65.72481451913791,1050,86.2,9625,16,21.862884560646584,NA
544,"109","DFO",350,63,65.72481451913791,980,120.4,9625,18,21.862884560646584,NA
545,"77","DFO",351,57,65.93594692188539,700,NA,9746,9,22.02607769636436,NA
546,"114","DFO",351,69,65.93594692188539,1080,64.7,9746,23,22.02607769636436,NA
547,"148","DFO",351,63,65.93594692188539,900,101,9746,19,22.02607769636436,NA
548,"64","DFO",352,61,66.14707932463287,830,NA,9868,NA,22.1908899986665,NA
549,"94","DFO",353,73,66.35821172738035,1150,NA,9992,12,22.357353919839497,NA
550,"95","DFO",353,56,66.35821172738035,775,50.1,9992,18,22.357353919839497,NA
551,"86","DFO",354,64,66.56934413012783,880,NA,10116,11,22.52550289769605,NA
552,"122","DFO",354,65,66.56934413012783,1010,NA,10116,23,22.52550289769605,NA
553,"128","DFO",354,78,66.56934413012783,1360,NA,10116,NA,22.52550289769605,NA
554,"91","DFO",355,50,66.78047653287531,760,25.5,10242,17,22.69537139588877,NA
555,"93","DFO",355,67,66.78047653287531,1060,9.2,10242,15,22.69537139588877,NA
556,"108","DFO",355,68,66.78047653287531,1080,NA,10242,NA,22.69537139588877,NA
557,"137","DFO",355,68,66.78047653287531,910,NA,10242,NA,22.69537139588877,NA
558,"65","DFO",357,69,67.20274133837027,1250,NA,10497,NA,23.04041019368345,NA
559,"78","DFO",357,66,67.20274133837027,960,NA,10497,NA,23.04041019368345,NA
560,"117","DFO",357,68,67.20274133837027,1150,NA,10497,NA,23.04041019368345,NA
561,"59","DFO",358,66,67.41387374111775,1240,NA,10626,NA,23.21565494256236,NA
562,"87","DFO",358,65,67.41387374111775,880,15.5,10626,14,23.21565494256236,NA
563,"104","DFO",358,68,67.41387374111775,980,NA,10626,NA,23.21565494256236,NA
564,"102","DFO",359,54,67.62500614386524,630,3.1,10757,17,23.392768206760316,NA
565,"121","DFO",360,75,67.83613854661272,1340,NA,10889,NA,23.571790261500908,NA
566,"126","DFO",360,72,67.83613854661272,970,NA,10889,NA,23.571790261500908,NA
567,"146","DFO",360,71,67.83613854661272,1210,80,10889,15,23.571790261500908,NA
568,"116","DFO",361,64,68.0472709493602,920,NA,11022,NA,23.752762698386235,NA
569,"55","DFO",362,69,68.25840335210768,920,NA,11156,NA,23.935728483396225,NA
570,"88","DFO",363,75,68.46953575485516,1560,NA,11291,NA,24.120732018118197,NA
571,"154","DFO",364,79,68.68066815760264,1320,NA,11428,NA,24.307819204424405,NA
572,"63","DFO",365,64,68.89180056035012,1080,NA,11566,NA,24.497037512833593,NA
573,"132","DFO",365,81,68.89180056035012,1060,NA,11566,20,24.497037512833593,NA
574,"138","DFO",365,73,68.89180056035012,1340,66,11566,25,24.497037512833593,NA
575,"145","DFO",365,74,68.89180056035012,1220,115,11566,NA,24.497037512833593,NA
576,"147","DFO",365,71,68.89180056035012,980,67,11566,28,24.497037512833593,NA
577,"149","DFO",365,77,68.89180056035012,1400,208,11566,14,24.497037512833593,NA
578,"123","DFO",368,81,69.52519776859258,1240,NA,11988,NA,25.077978953661948,NA
579,"120","DFO",370,72,69.94746257408754,1250,NA,12276,NA,25.47687663458835,NA
580,"140","DFO",370,70,69.94746257408754,1230,109.6,12276,19,25.47687663458835,NA
581,"153","DFO",370,76,69.94746257408754,1350,NA,12276,NA,25.47687663458835,NA
582,"156","DFO",370,70,69.94746257408754,1120,NA,12276,NA,25.47687663458835,NA
583,"110","DFO",372,65,70.3697273795825,1100,NA,12569,NA,25.88558948211375,NA
584,"45","DFO",374,58,70.79199218507746,670,37.9,12868,19,26.304612725913913,NA
585,"97","DFO",374,68,70.79199218507746,1080,NA,12868,9,26.304612725913913,NA
586,"111","DFO",374,75,70.79199218507746,1250,NA,12868,NA,26.304612725913913,NA
587,"127","DFO",374,75,70.79199218507746,1280,NA,12868,NA,26.304612725913913,NA
588,"129","DFO",375,71,71.00312458782494,1260,103,13019,30,26.518155911977757,NA
589,"134","DFO",375,70,71.00312458782494,1200,138,13019,19,26.518155911977757,NA
590,"159","DFO",378,77,71.63652179606738,1340,NA,13481,NA,27.175767672028663,NA
591,"119","DFO",380,74,72.05878660156235,1250,NA,13796,NA,27.629099003449078,NA
592,"139","DFO",380,77,72.05878660156235,1250,64,13796,NA,27.629099003449078,NA
593,"144","DFO",380,76,72.05878660156235,1400,NA,13796,NA,27.629099003449078,NA
594,"158","DFO",380,76,72.05878660156235,1480,NA,13796,NA,27.629099003449078,NA
595,"125","DFO",381,73,72.26991900430983,1120,NA,13956,NA,27.860490064622986,NA
596,"151","DFO",381,71,72.26991900430983,1360,NA,13956,NA,27.860490064622986,NA
597,"46","DFO",382,74,72.48105140705731,1150,68.2,14117,23,28.095149930764556,NA
598,"82","DFO",382,74,72.48105140705731,990,NA,14117,NA,28.095149930764556,NA
599,"106","DFO",382,76,72.48105140705731,1330,NA,14117,NA,28.095149930764556,NA
600,"113","DFO",382,70,72.48105140705731,1100,NA,14117,NA,28.095149930764556,NA
601,"51","DFO",383,71,72.69218380980479,1430,118.2,14280,18,28.33317228206895,NA
602,"131","DFO",383,76,72.69218380980479,1440,NA,14280,NA,28.33317228206895,NA
603,"5","DFO",384,74,72.90331621255227,1360,NA,14444,NA,28.57465488449904,NA
604,"26","DFO",384,78,72.90331621255227,1490,NA,14444,NA,28.57465488449904,NA
605,"28","DFO",384,99,72.90331621255227,1500,NA,14444,NA,28.57465488449904,NA
606,"118","DFO",385,73,73.11444861529975,1300,NA,14609,NA,28.8196998308906,NA
607,"18","DFO",386,81,73.32558101804723,1310,NA,14776,NA,29.068413800108644,NA
608,"69","DFO",386,84,73.32558101804723,1650,49.2,14776,19,29.068413800108644,NA
609,"99","DFO",386,76,73.32558101804723,1230,NA,14776,17,29.068413800108644,NA
610,"14","DFO",387,72,73.53671342079471,1500,NA,14944,NA,29.32090833590197,NA
611,"19","DFO",387,77,73.53671342079471,1360,NA,14944,NA,29.32090833590197,NA
612,"66","DFO",387,73,73.53671342079471,1350,98.1,14944,20,29.32090833590197,NA
613,"81","DFO",388,72,73.74784582354219,1350,NA,15114,NA,29.577300147279814,NA
614,"135","DFO",390,75,74.17011062903717,1240,NA,15458,23,30.102270228468207,NA
615,"136","DFO",390,81,74.17011062903717,1580,58.3,15458,23,30.102270228468207,NA
616,"115","DFO",392,73,74.59237543453213,1420,87.7,15808,25,30.644373995324358,NA
617,"79","DFO",393,72,74.80350783727961,1470,83.7,15985,19,30.92220779569044,NA
618,"62","DFO",394,82,75.01464024002709,1800,NA,16164,NA,31.204767690405014,NA
619,"20","DFO",395,74,75.22577264277457,1470,NA,16344,NA,31.49221725248097,NA
620,"31","DFO",396,71,75.43690504552205,1350,99,16526,14,31.78472869674261,NA
621,"53","DFO",396,76,75.43690504552205,1750,115.2,16526,17,31.78472869674261,NA
622,"27","DFO",398,71,75.85916985101701,1510,NA,16895,NA,32.38567307479204,NA
623,"54","DFO",399,81,76.0703022537645,1590,200.5,17081,27,32.694499513474234,NA
624,"22","DFO",401,73,76.49256705925946,1370,NA,17459,NA,33.32992966143958,NA
625,"150","DFO",401,78,76.49256705925946,1730,270,17459,30,33.32992966143958,NA
626,"43","DFO",404,73,77.1259642675019,1610,74.1,18038,31,34.331114071999835,NA
627,"143","DFO",405,82,77.33709667024938,1740,97.6,18234,16,34.67871611900425,NA
628,"9989","DFO",193,30,32.57702728778331,131,NA,709,6,6.412133564571162,NA
629,"9990","DFO",NA,31,NA,125,13.3,NA,9,NA,NA
630,"9991","DFO",210,35,36.1662781344905,170,NA,1026,16,7.538574936885434,NA
631,"9992","DFO",207,35,35.532880926248055,181,4.2,963,19,7.334159185960946,NA
632,"9993","DFO",254,39,45.45610385537968,283,13.9,2363,10,10.867557498490473,NA
633,"9994","DFO",262,46,47.145163077359534,333,35.8,2707,14,11.551633599766197,NA
634,"9995","DFO",223,39,38.910999370207755,185,13.4,1336,19,8.454650981676714,NA
635,"9996","DFO",234,42,41.23345580043005,227,17,1649,16,9.271314169992847,NA
636,"9997","DFO",177,25,29.19890884382361,83.5,NA,485,16,5.41748304885685,NA
637,"9998","DFO",244,42,43.344779827904865,286,22.2,1982,9,10.05026956123835,NA
638,"9999","DFO",208,34,35.744013328995536,180,NA,984,4,7.402018652370279,NA
639,"9988","DFO",259,55,46.511765869117085,360,22,2574,NA,11.29179261131528,NA
640,"RBGBBM01","SN",150,NA,23.498333969641614,10.1595,NA,234,4,3.8633014203273186,NA
641,"RBGBBM02","SN",160,NA,25.609657997116422,13.0185,NA,311,4,4.422111410539552,NA
642,"RBGBBM03","SN",145,NA,22.442671955904203,9.3813,NA,202,4,3.590791360519729,NA
643,"RBGBBM05","SN",175,NA,28.776644038328648,22.2961,NA,461,3,5.297237160715026,NA
644,"RBGBBM08","SN",190,NA,31.943630079540867,27.528,NA,661,4,6.221043275065304,NA
645,"RBGBBM09","SN",195,NA,32.99929209327828,32.9206,NA,741,4,6.540759362547879,NA
646,"RBGBBM13","SN",200,NA,34.05495410701568,26.8487,NA,828,6,6.866749958688807,NA
647,"RBGBBM14","SN",180,NA,29.832306052066052,22.0888,NA,522,5,5.5994998706931085,NA
648,"RBGBBM15","SN",195,NA,32.99929209327828,32.8787,NA,741,6,6.540759362547879,NA
649,"RBGBBM16","SN",178,NA,29.41004124657109,15.9843,NA,497,3,5.477933989624514,NA
650,"RBGBBM19","SN",163,NA,26.24305520535887,14.8485,NA,337,5,4.5934870735787,NA
651,"RBGBBM22","SN",176,NA,28.98777644107613,22.9897,NA,473,4,5.357251300494541,NA
652,"RBGBBM24","SN",162,NA,26.03192280261139,16.0254,NA,328,3,4.536165177844473,NA
653,"RBGBBM25","SN",160,NA,25.609657997116422,17.3136,NA,311,4,4.422111410539552,NA
654,"RBGBBM26","SN",174,NA,28.565511635581167,21.9836,NA,449,4,5.237439062800348,NA
655,"RBGBBM27","SN",168,NA,27.298717219096275,15.9292,NA,385,4,4.883101712514345,NA
656,"RBGBBM28","SN",195,NA,32.99929209327828,27.4039,NA,741,4,6.540759362547879,NA
657,"RBGBBM29","SN",174,NA,28.565511635581167,21.2541,NA,449,5,5.237439062800348,NA
658,"RBGBBM31","SN",192,NA,32.36589488503583,27.4245,NA,693,4,6.34819224199653,NA
659,"RBGBBM32","SN",171,NA,27.932114427338718,19.5919,NA,416,4,5.059325604511791,NA
660,"RBGBBM33","SN",170,NA,27.720982024591237,17.1998,NA,406,3,5.000376340470999,NA
661,"RBGBBM34","SN",200,NA,34.05495410701568,31.9214,NA,828,4,6.866749958688807,NA
662,"RBGBBM35","SN",177,NA,29.19890884382361,23.4701,NA,485,3,5.41748304885685,NA
663,"RBGBBM36","SN",195,NA,32.99929209327828,29.2591,NA,741,4,6.540759362547879,NA
664,"RBGBBM40","SN",182,NA,30.254570857561013,25.0582,NA,548,5,5.7219619659842635,NA
665,"RBGBBM42","SN",180,NA,29.832306052066052,16.5958,NA,522,5,5.5994998706931085,NA
666,"RBGBBM46","SN",144,NA,22.231539553156722,12,NA,196,4,3.536821737422139,NA
667,"RBGBBM48","SN",155,NA,24.553995983379018,14,NA,270,4,4.140356704972548,NA
668,"RBGBBM50","SN",145,NA,22.442671955904203,10,NA,202,3,3.590791360519729,NA
669,"RBGBBM51","SN",155,NA,24.553995983379018,13,NA,270,4,4.140356704972548,NA
670,"RBGBBM52","SN",138,NA,20.964745136671837,7,NA,162,3,3.2166352235562226,NA
671,"RBG70","SN",65,NA,5.552079736105689,NA,NA,NA,1,0,NA
672,"RBG71","SN",52,NA,2.807358500388432,NA,NA,NA,1,0,NA
673,"RBG72","SN",51,NA,2.5962260976409492,NA,NA,NA,1,0,NA
674,"RBG73","SN",60,NA,4.4964177223682835,NA,NA,NA,1,0,NA
675,"RBG74","SN",60,NA,4.4964177223682835,NA,NA,NA,1,0,NA
676,"RBG75","SN",45,NA,1.329431681156061,NA,NA,NA,1,0,NA
677,"RBG76","SN",65,NA,5.552079736105689,NA,NA,NA,1,0,NA
678,"RBG77","SN",62,NA,4.918682527863245,NA,NA,NA,1,0,NA
679,"RBG78","SN",60,NA,4.4964177223682835,NA,NA,NA,1,0,NA
680,"RBG79","SN",67,NA,5.974344541600653,NA,NA,NA,1,0,NA
681,"RBG84","SN",175,NA,28.776644038328648,NA,NA,461,9,5.297237160715026,NA
682,"RBG90","SN",200,NA,34.05495410701568,NA,NA,828,10,6.866749958688807,NA
683,"RBG91","SN",165,NA,26.665320010853833,NA,NA,356,11,4.70872771532401,NA
684,"RBG92","SN",160,NA,25.609657997116422,NA,NA,311,10,4.422111410539552,NA
685,"RBG93","SN",165,NA,26.665320010853833,NA,NA,356,9,4.70872771532401,NA
686,"RBG94","SN",190,NA,31.943630079540867,NA,NA,661,10,6.221043275065304,NA
687,"RBG95","SN",195,NA,32.99929209327828,NA,NA,741,8,6.540759362547879,NA
688,"RBG96","SN",185,NA,30.887968065803463,NA,NA,588,8,5.907364713011692,NA
689,"RBG97","SN",190,NA,31.943630079540867,NA,NA,661,11,6.221043275065304,NA
